<Index dataContractVersion="2013" xmlns="http://www.sdltridion.com/ContentManager/ImportExport/Package/2013">
  <Item id="tcm:0-0-0" selected="false" exported="true">
    <ApplicationIds>
      <ApplicationId>http://www.sdl.com/tridion/SemanticMapping/vocabularies</ApplicationId>
    </ApplicationIds>
    <Item id="tcm:0-28-1" title="000%20Empty" itemType="Publication" selected="false" exported="true">
      <Item id="tcm:28-98-2" title="Building%20Blocks" itemType="Folder" blueprintStatus="LocalItem" selected="true" exported="true">
        <Item id="2731cfca3fc644969b6b5b790bd6607d" title="Default%20Templates" itemType="Folder" selected="false" exported="false">
          <Item id="8c2905afb206435a9745d5f2fc9f95a2" title="Default%20Component%20Template" extension="tctcmp" itemType="ComponentTemplate" selected="false" exported="false" />
          <Item id="758d15a5b2ed4c8a9fe5adb7c14e88f1" title="Default%20Dreamweaver%20Page%20Design" extension="dwt" itemType="TemplateBuildingBlock" selected="false" exported="false" />
          <Item id="47efb7136dfd44dfa14c433bfcf05977" title="Default%20Page%20Template" extension="tptcmp" itemType="PageTemplate" selected="false" exported="false" />
        </Item>
        <Item id="5007bcf4eefa4ec882906adf99234c55" title="Default%20Multimedia%20Schema" extension="xsd" itemType="Schema" selected="false" exported="false" />
      </Item>
      <Item id="e7b3f66e4f964f5a9ba2fbfb79d31755" title="Task%20Process" extension="tpd" itemType="ProcessDefinition" selected="false" exported="false" />
    </Item>
    <Item id="tcm:0-29-1" title="100%20Master" itemType="Publication" selected="true" exported="true">
      <Item id="tcm:29-98-2" title="Building%20Blocks" itemType="Folder" blueprintStatus="SharedItem" selected="true" exported="true">
        <Item id="e5c9f14a7e3d4899b7280386289b5cb2" title="Default%20Templates" itemType="Folder" selected="false" exported="false">
          <Item id="bb58fd89acc7482db717ab5dda38512b" title="Default%20Component%20Template" extension="tctcmp" itemType="ComponentTemplate" selected="false" exported="false" />
          <Item id="158fef45ba344343925c539ff10a90a5" title="Default%20Dreamweaver%20Page%20Design" extension="dwt" itemType="TemplateBuildingBlock" selected="false" exported="false" />
          <Item id="dd761f7cdfab47768999a1b4e028724e" title="Default%20Page%20Template" extension="tptcmp" itemType="PageTemplate" selected="false" exported="false" />
        </Item>
        <Item id="tcm:29-102-2" title="Modules" itemType="Folder" blueprintStatus="LocalItem" selected="true" exported="true">
          <Item id="877ea937725b4cca9759f4db9a7279c7" title="Core" itemType="Folder" selected="false" exported="false">
            <Item id="6551927cf30f4ab8b464d09c38a4fef8" title="Developer" itemType="Folder" selected="false" exported="false">
              <Item id="b2e09dac92cb4c4e95a23235a9ef1113" title="Core%20Template%20Building%20Blocks" itemType="Folder" selected="false" exported="false">
                <Item id="1aeacffd60944a48ba75de1203b99a37" title="Default%20Component%20Template%20Finish%20Actions" extension="tbbcmp" itemType="TemplateBuildingBlock" selected="false" exported="false" />
                <Item id="1735b459d6e549eba80d75de412dd111" title="Render%20Component%20Content" extension="tbbcmp" itemType="TemplateBuildingBlock" selected="false" exported="false" />
              </Item>
              <Item id="66c1b8336e724950be607dc5097f7fc7" title="Schemas" itemType="Folder" selected="false" exported="false">
                <Item id="b7f2d2662ac748df866a6d3bbbbee4dd" title="Metadata" itemType="Folder" selected="false" exported="false">
                  <Item id="ea2acff59dc7434ebeb46561090a2732" title="Component%20Template%20Metadata" extension="xsd" itemType="Schema" selected="false" exported="false" />
                </Item>
              </Item>
            </Item>
            <Item id="2a21a2a88690435fa38ceef9d54efe60" title="Editor" itemType="Folder" selected="false" exported="false">
              <Item id="fdb3d40d59b74226a58a67e23e3c15ab" title="Schemas" itemType="Folder" selected="false" exported="false">
                <Item id="659cab97390f49649096394d03d05097" title="Article" extension="xsd" itemType="Schema" selected="false" exported="false" />
                <Item id="8b2c423b523443e0aace20b5e4f8a492" title="Content%20Query" extension="xsd" itemType="Schema" selected="false" exported="false" />
                <Item id="c9bcab690e4e4e42b2aa865c5deada21" title="Item%20List" extension="xsd" itemType="Schema" selected="false" exported="false" />
                <Item id="38ae2d087cde4e4bbc6b41b3382cdbc3" title="Link%20List" extension="xsd" itemType="Schema" selected="false" exported="false" />
                <Item id="e91b3600a4df491db901e738687041dc" title="News%20Article" extension="xsd" itemType="Schema" selected="false" exported="false" />
                <Item id="dfc0c7837fec4cd9965ebbf346c92d71" title="Place" extension="xsd" itemType="Schema" selected="false" exported="false" />
                <Item id="05b75003e6d64c4db7ce392a2ecd0771" title="Teaser" extension="xsd" itemType="Schema" selected="false" exported="false" />
                <Item id="13633ff3247b472ab6dbfacca818966b" title="YouTube%20Video" extension="xsd" itemType="Schema" selected="false" exported="false" />
              </Item>
            </Item>
            <Item id="7678dff7245040949aad409883d999ad" title="Site%20Manager" itemType="Folder" selected="false" exported="false">
              <Item id="42c3e9d37f594675b5ba9d2428651789" title="Schemas" itemType="Folder" selected="false" exported="false">
                <Item id="6fa629d9fbfe4a5d8a4e54c3487d2794" title="Metadata" itemType="Folder" selected="false" exported="false">
                  <Item id="171f3771b5cc48cda184c9b3d8014e9d" title="Publication%20Metadata" extension="xsd" itemType="Schema" selected="false" exported="false" />
                </Item>
              </Item>
            </Item>
          </Item>
          <Item id="tcm:29-7259-2" title="FlexLayout" itemType="Folder" blueprintStatus="LocalItem" selected="true" exported="true">
            <Item id="tcm:29-13280-2" title="Editor" itemType="Folder" blueprintStatus="LocalItem" selected="true" exported="true">
              <Item id="tcm:29-7260-2" title="Schemas" itemType="Folder" blueprintStatus="LocalItem" selected="true" exported="true">
                <Item id="tcm:29-11167-8" title="Carousel%20Container" extension="xsd" itemType="Schema" blueprintStatus="LocalItem" selected="true" exported="true" />
                <Item id="tcm:29-9126-8" title="Column%20Layout%20Container" extension="xsd" itemType="Schema" blueprintStatus="LocalItem" selected="true" exported="true" />
                <Item id="tcm:29-10178-8" title="Layout%20Container" extension="xsd" itemType="Schema" blueprintStatus="LocalItem" selected="true" exported="true" />
              </Item>
              <Item id="tcm:29-7263-2" title="Templates" itemType="Folder" blueprintStatus="LocalItem" selected="true" exported="true">
                <Item id="tcm:29-7264-2" title="Container%20Items" itemType="Folder" blueprintStatus="LocalItem" selected="true" exported="true">
                  <Item id="tcm:29-10181-32" title="Article%20%3CLayout%3E" extension="tctcmp" itemType="ComponentTemplate" blueprintStatus="LocalItem" selected="true" exported="true" />
                  <Item id="tcm:29-9130-32" title="List%20%3CLayout%3E" extension="tctcmp" itemType="ComponentTemplate" blueprintStatus="LocalItem" selected="true" exported="true" />
                  <Item id="tcm:29-11163-32" title="Teaser%20%3CCarousel%3E" extension="tctcmp" itemType="ComponentTemplate" blueprintStatus="LocalItem" selected="true" exported="true" />
                  <Item id="tcm:29-9131-32" title="Teaser%20%3CLayout%3E" extension="tctcmp" itemType="ComponentTemplate" blueprintStatus="LocalItem" selected="true" exported="true" />
                  <Item id="tcm:29-9132-32" title="Teaser%20Map%20%3CLayout%3E" extension="tctcmp" itemType="ComponentTemplate" blueprintStatus="LocalItem" selected="true" exported="true" />
                  <Item id="tcm:29-9134-32" title="YouTube%20Video%20%3CLayout%3E" extension="tctcmp" itemType="ComponentTemplate" blueprintStatus="LocalItem" selected="true" exported="true" />
                </Item>
                <Item id="tcm:29-7265-2" title="Containers" itemType="Folder" blueprintStatus="LocalItem" selected="true" exported="true">
                  <Item id="tcm:29-11165-32" title="Accordion%20Container" extension="tctcmp" itemType="ComponentTemplate" blueprintStatus="LocalItem" selected="true" exported="true" />
                  <Item id="tcm:29-11161-32" title="Carousel%20Container" extension="tctcmp" itemType="ComponentTemplate" blueprintStatus="LocalItem" selected="true" exported="true" />
                  <Item id="tcm:29-9136-32" title="Column%20Layout%20Container" extension="tctcmp" itemType="ComponentTemplate" blueprintStatus="LocalItem" selected="true" exported="true" />
                  <Item id="tcm:29-10177-32" title="Tab%20Container" extension="tctcmp" itemType="ComponentTemplate" blueprintStatus="LocalItem" selected="true" exported="true" />
                </Item>
              </Item>
            </Item>
          </Item>
        </Item>
        <Item id="4d36cbea05154163997eb8e7d4661d4a" title="Default%20Multimedia%20Schema" extension="xsd" itemType="Schema" selected="false" exported="false" />
      </Item>
      <Item id="442ac5ce78784861bdc48867b97c5393" title="Task%20Process" extension="tpd" itemType="ProcessDefinition" selected="false" exported="false" />
    </Item>
  </Item>
</Index>