<Index dataContractVersion="2013" xmlns="http://www.sdltridion.com/ContentManager/ImportExport/Package/2013">
  <Item id="tcm:0-0-0" selected="false" exported="true">
    <ApplicationIds>
      <ApplicationId>http://www.sdl.com/tridion/SemanticMapping/vocabularies</ApplicationId>
    </ApplicationIds>
    <Item id="tcm:0-28-1" title="000%20Empty" itemType="Publication" selected="false" exported="true">
      <Item id="tcm:28-98-2" title="Building%20Blocks" itemType="Folder" blueprintStatus="LocalItem" selected="true" exported="true">
        <Item id="86a17515159e4bc6a053050ea31fb131" title="Default%20Templates" itemType="Folder" selected="false" exported="false">
          <Item id="4ea339e3603f43b59e4d96c7e31f355c" title="Default%20Component%20Template" extension="tctcmp" itemType="ComponentTemplate" selected="false" exported="false" />
          <Item id="0aa38bccdccb42bbab0a3cda429853b2" title="Default%20Dreamweaver%20Page%20Design" extension="dwt" itemType="TemplateBuildingBlock" selected="false" exported="false" />
          <Item id="37331914931149b4a4047d4b38715d42" title="Default%20Page%20Template" extension="tptcmp" itemType="PageTemplate" selected="false" exported="false" />
        </Item>
        <Item id="0281e7c406554af6a4a2379d982c1c61" title="Default%20Multimedia%20Schema" extension="xsd" itemType="Schema" selected="false" exported="false" />
      </Item>
      <Item id="20c3586bb28d4e3b8cb957526b718edb" title="Task%20Process" extension="tpd" itemType="ProcessDefinition" selected="false" exported="false" />
    </Item>
    <Item id="tcm:0-29-1" title="100%20Master" itemType="Publication" selected="true" exported="true">
      <Item id="tcm:29-98-2" title="Building%20Blocks" itemType="Folder" blueprintStatus="SharedItem" selected="true" exported="true">
        <Item id="892ce20abd36441da832fe62657e62c2" title="Default%20Templates" itemType="Folder" selected="false" exported="false">
          <Item id="6804ed68ec6b445cbefa4d37e7e9cec3" title="Default%20Component%20Template" extension="tctcmp" itemType="ComponentTemplate" selected="false" exported="false" />
          <Item id="8b77243abb87494fa2f0e2f9267f6e3f" title="Default%20Dreamweaver%20Page%20Design" extension="dwt" itemType="TemplateBuildingBlock" selected="false" exported="false" />
          <Item id="f5fad42189c148d9b98b31cd64682e3f" title="Default%20Page%20Template" extension="tptcmp" itemType="PageTemplate" selected="false" exported="false" />
        </Item>
        <Item id="57a1af395864475190249687c637c910" title="Framework" itemType="Folder" selected="false" exported="false">
          <Item id="ca62a58b055742678658bb0679fb0837" title="Developer" itemType="Folder" selected="false" exported="false">
            <Item id="25b70b68d6b2425c962e526ec26b7d5f" title="Schemas" itemType="Folder" selected="false" exported="false">
              <Item id="50d04f2e865f4f8bbf409f10efdb9541" title="Component%20Template%20Metadata" extension="xsd" itemType="Schema" selected="false" exported="false" />
            </Item>
            <Item id="4b32686e6ab74698a93643f6e06298fe" title="Templates" itemType="Folder" selected="false" exported="false">
              <Item id="a790cb6597784960ae34d78a1f3026a0" title="Sdl%2EWeb%2ETridion%2ETemplates" itemType="Folder" selected="false" exported="false">
                <Item id="aa43103c256e4a7bbcc6fd3a72b56c8c" title="Default%20Component%20Template%20Finish%20Actions" extension="tbbcmp" itemType="TemplateBuildingBlock" selected="false" exported="false" />
                <Item id="5943ae49dd7840b8adafa0bb6eb7012a" title="Render%20Component%20Content" extension="tbbcmp" itemType="TemplateBuildingBlock" selected="false" exported="false" />
              </Item>
            </Item>
          </Item>
          <Item id="d26f66d546db46dea366e0373fac0f26" title="Site%20Manager" itemType="Folder" selected="false" exported="false">
            <Item id="c948afa6b3d242559375359a74c618df" title="Schemas" itemType="Folder" selected="false" exported="false">
              <Item id="7f2d6e5e942a4de5ad6adfb75022b6d9" title="Publication%20Metadata" extension="xsd" itemType="Schema" selected="false" exported="false" />
            </Item>
          </Item>
        </Item>
        <Item id="tcm:29-102-2" title="Modules" itemType="Folder" blueprintStatus="LocalItem" selected="true" exported="true">
          <Item id="1c4c1d42c3d147ffbcb12f8179647680" title="Core" itemType="Folder" selected="false" exported="false">
            <Item id="d2ed279dd34b44ebbb7ac17d0a22278a" title="Editor" itemType="Folder" selected="false" exported="false">
              <Item id="75ef6c63245c48ebbe4675ce73086e4b" title="Schemas" itemType="Folder" selected="false" exported="false">
                <Item id="caafe09843dd4021b4cf1db9678e5060" title="Article" extension="xsd" itemType="Schema" selected="false" exported="false" />
                <Item id="97f9da8e2d0d427398cf717490304e14" title="Content%20Query" extension="xsd" itemType="Schema" selected="false" exported="false" />
                <Item id="d0a6c5085a904bb49448c32fc1cfb04c" title="Item%20List" extension="xsd" itemType="Schema" selected="false" exported="false" />
                <Item id="118a9f181b67446dba8da86d9d7209a0" title="Link%20List" extension="xsd" itemType="Schema" selected="false" exported="false" />
                <Item id="3b82d65592114fcaba184f8878be21bc" title="News%20Article" extension="xsd" itemType="Schema" selected="false" exported="false" />
                <Item id="eb17af9efd2e4172919e56ee29656b50" title="Place" extension="xsd" itemType="Schema" selected="false" exported="false" />
                <Item id="789a99b14200497da0d009e7b7a707fa" title="Teaser" extension="xsd" itemType="Schema" selected="false" exported="false" />
                <Item id="33926785faaa411288c4586d65f25833" title="YouTube%20Video" extension="xsd" itemType="Schema" selected="false" exported="false" />
              </Item>
            </Item>
          </Item>
          <Item id="tcm:29-7259-2" title="FlexLayout" itemType="Folder" blueprintStatus="LocalItem" selected="true" exported="true">
            <Item id="tcm:29-13280-2" title="Editor" itemType="Folder" blueprintStatus="LocalItem" selected="true" exported="true">
              <Item id="tcm:29-7260-2" title="Schemas" itemType="Folder" blueprintStatus="LocalItem" selected="true" exported="true">
                <Item id="tcm:29-11167-8" title="Carousel%20Container" extension="xsd" itemType="Schema" blueprintStatus="LocalItem" selected="true" exported="true" />
                <Item id="tcm:29-9126-8" title="Column%20Layout%20Container" extension="xsd" itemType="Schema" blueprintStatus="LocalItem" selected="true" exported="true" />
                <Item id="tcm:29-10178-8" title="Layout%20Container" extension="xsd" itemType="Schema" blueprintStatus="LocalItem" selected="true" exported="true" />
              </Item>
              <Item id="tcm:29-7263-2" title="Templates" itemType="Folder" blueprintStatus="LocalItem" selected="true" exported="true">
                <Item id="tcm:29-7264-2" title="Container%20Items" itemType="Folder" blueprintStatus="LocalItem" selected="true" exported="true">
                  <Item id="tcm:29-10181-32" title="Article%20%3CLayout%3E" extension="tctcmp" itemType="ComponentTemplate" blueprintStatus="LocalItem" selected="true" exported="true" />
                  <Item id="tcm:29-9130-32" title="List%20%3CLayout%3E" extension="tctcmp" itemType="ComponentTemplate" blueprintStatus="LocalItem" selected="true" exported="true" />
                  <Item id="tcm:29-11163-32" title="Teaser%20%3CCarousel%3E" extension="tctcmp" itemType="ComponentTemplate" blueprintStatus="LocalItem" selected="true" exported="true" />
                  <Item id="tcm:29-9131-32" title="Teaser%20%3CLayout%3E" extension="tctcmp" itemType="ComponentTemplate" blueprintStatus="LocalItem" selected="true" exported="true" />
                  <Item id="tcm:29-9132-32" title="Teaser%20Map%20%3CLayout%3E" extension="tctcmp" itemType="ComponentTemplate" blueprintStatus="LocalItem" selected="true" exported="true" />
                  <Item id="tcm:29-9134-32" title="YouTube%20Video%20%3CLayout%3E" extension="tctcmp" itemType="ComponentTemplate" blueprintStatus="LocalItem" selected="true" exported="true" />
                </Item>
                <Item id="tcm:29-7265-2" title="Containers" itemType="Folder" blueprintStatus="LocalItem" selected="true" exported="true">
                  <Item id="tcm:29-11165-32" title="Accordion%20Container" extension="tctcmp" itemType="ComponentTemplate" blueprintStatus="LocalItem" selected="true" exported="true" />
                  <Item id="tcm:29-11161-32" title="Carousel%20Container" extension="tctcmp" itemType="ComponentTemplate" blueprintStatus="LocalItem" selected="true" exported="true" />
                  <Item id="tcm:29-9136-32" title="Column%20Layout%20Container" extension="tctcmp" itemType="ComponentTemplate" blueprintStatus="LocalItem" selected="true" exported="true" />
                  <Item id="tcm:29-10177-32" title="Tab%20Container" extension="tctcmp" itemType="ComponentTemplate" blueprintStatus="LocalItem" selected="true" exported="true" />
                </Item>
              </Item>
            </Item>
          </Item>
        </Item>
        <Item id="c14acbd4c1474785a3ac1f81b2dbc518" title="Default%20Multimedia%20Schema" extension="xsd" itemType="Schema" selected="false" exported="false" />
      </Item>
      <Item id="eee4454839e54684b066aee621e4dc0b" title="Task%20Process" extension="tpd" itemType="ProcessDefinition" selected="false" exported="false" />
    </Item>
  </Item>
</Index>