<Index dataContractVersion="201501" xmlns="http://www.sdltridion.com/ContentManager/ImportExport/Package/2013">
  <Item id="tcm:0-0-0" selected="false" exported="true">
    <ApplicationIds>
      <ApplicationId>http://www.sdl.com/tridion/SemanticMapping/vocabularies</ApplicationId>
    </ApplicationIds>
    <Item id="tcm:0-17-1" title="000%20Empty" itemType="Publication" selected="false" exported="true">
      <Item id="tcm:17-136-2" title="Building%20Blocks" itemType="Folder" blueprintStatus="LocalItem" selected="true" exported="true">
        <Item id="da3bb6224fee4a3298a259d5f42b50ca" title="Default%20Templates" itemType="Folder" selected="false" exported="false">
          <Item id="262a4c904163454a880fe218d88c85b7" title="Default%20Component%20Template" extension="tctcmp" itemType="ComponentTemplate" selected="false" exported="false" />
          <Item id="1b0799dd09d0455fbc6be508dcbc8c5c" title="Default%20Dreamweaver%20Page%20Design" extension="dwt" itemType="TemplateBuildingBlock" selected="false" exported="false" />
          <Item id="503b397594ad45bf99fa14fd43558793" title="Default%20Page%20Template" extension="tptcmp" itemType="PageTemplate" selected="false" exported="false" />
        </Item>
        <Item id="ee263c8d6f824cfe92409045b86250a7" title="Default%20Multimedia%20Schema" extension="xsd" itemType="Schema" selected="false" exported="false" />
      </Item>
      <Item id="3f93876c97354f4dbd4f58376de6774a" title="Task%20Process" extension="tpd" itemType="ProcessDefinition" selected="false" exported="false" />
    </Item>
    <Item id="tcm:0-18-1" title="100%20Master" itemType="Publication" selected="true" exported="true">
      <Item id="tcm:18-136-2" title="Building%20Blocks" itemType="Folder" blueprintStatus="SharedItem" selected="true" exported="true">
        <Item id="03711f5e563c4daa8807152410db3e53" title="Default%20Templates" itemType="Folder" selected="false" exported="false">
          <Item id="62760b4a927a43209ba1786642149663" title="Default%20Component%20Template" extension="tctcmp" itemType="ComponentTemplate" selected="false" exported="false" />
          <Item id="25531564263e4ab09c10a38b0cc10e78" title="Default%20Dreamweaver%20Page%20Design" extension="dwt" itemType="TemplateBuildingBlock" selected="false" exported="false" />
          <Item id="2cfe694981034b7c9b75dc6f599f98bf" title="Default%20Page%20Template" extension="tptcmp" itemType="PageTemplate" selected="false" exported="false" />
        </Item>
        <Item id="tcm:18-140-2" title="Modules" itemType="Folder" blueprintStatus="LocalItem" selected="true" exported="true">
          <Item id="4c0ca53485044aa08cf0cce6d68dcfc2" title="Core" itemType="Folder" selected="false" exported="false">
            <Item id="39dd8af2a5e8422ab4284af1145dd40b" title="Developer" itemType="Folder" selected="false" exported="false">
              <Item id="74a421fe31574972ba8da57fca65f472" title="Core%20Template%20Building%20Blocks" itemType="Folder" selected="false" exported="false">
                <Item id="dd0145881b3347f28584580febc49f8d" title="Default%20Component%20Template%20Finish%20Actions" extension="tbbcmp" itemType="TemplateBuildingBlock" selected="false" exported="false" />
                <Item id="db54c439ea6a4c39b1a48e0694073b3a" title="Render%20Component%20Content" extension="tbbcmp" itemType="TemplateBuildingBlock" selected="false" exported="false" />
              </Item>
              <Item id="5ec38440281148e385a7dfc7761b0326" title="Schemas" itemType="Folder" selected="false" exported="false">
                <Item id="9fd0c8cee68b4003b1a647ca40c194b4" title="Metadata" itemType="Folder" selected="false" exported="false">
                  <Item id="06e5fdb516744842a124d1c517bdbe5f" title="Component%20Template%20Metadata" extension="xsd" itemType="Schema" selected="false" exported="false" />
                </Item>
              </Item>
            </Item>
            <Item id="2d8609fadeac4a3c81c3854988a9051e" title="Editor" itemType="Folder" selected="false" exported="false">
              <Item id="ec8b7a7f5c094ea3b9b40e8592f6bdd3" title="Schemas" itemType="Folder" selected="false" exported="false">
                <Item id="db193aa186254393966e9ab6441774cd" title="Article" extension="xsd" itemType="Schema" selected="false" exported="false" />
                <Item id="8eb732fbbf6047a8a8509c8604228eba" title="Content%20Query" extension="xsd" itemType="Schema" selected="false" exported="false" />
                <Item id="5a723ebfc4e343e082ff31e2f39910be" title="Item%20List" extension="xsd" itemType="Schema" selected="false" exported="false" />
                <Item id="1753a4a3312d472c8f43f91ea39173c4" title="Link%20List" extension="xsd" itemType="Schema" selected="false" exported="false" />
                <Item id="7a4bb0446f104eedb2783ac50fd35409" title="News%20Article" extension="xsd" itemType="Schema" selected="false" exported="false" />
                <Item id="d2d01f6753344769ac9a164923cdc8ad" title="Place" extension="xsd" itemType="Schema" selected="false" exported="false" />
                <Item id="47411b7cda8140b1920281b3732a9f60" title="Teaser" extension="xsd" itemType="Schema" selected="false" exported="false" />
                <Item id="4f14f84fd6514368a7f72e1873cdd58f" title="YouTube%20Video" extension="xsd" itemType="Schema" selected="false" exported="false" />
              </Item>
            </Item>
            <Item id="5ef6fea8479e49569da9347765b22c22" title="Site%20Manager" itemType="Folder" selected="false" exported="false">
              <Item id="c540377a1e394a3b9208c59242acb5dd" title="Schemas" itemType="Folder" selected="false" exported="false">
                <Item id="35c74b46c30f4f30bf0c9c20338095a0" title="Metadata" itemType="Folder" selected="false" exported="false">
                  <Item id="096549acfe0b4a96b7baf44af9ec1bd0" title="Publication%20Metadata" extension="xsd" itemType="Schema" selected="false" exported="false" />
                </Item>
              </Item>
            </Item>
          </Item>
          <Item id="tcm:18-230-2" title="FlexLayout" itemType="Folder" blueprintStatus="LocalItem" selected="true" exported="true">
            <Item id="tcm:18-235-2" title="Editor" itemType="Folder" blueprintStatus="LocalItem" selected="true" exported="true">
              <Item id="tcm:18-233-2" title="Schemas" itemType="Folder" blueprintStatus="LocalItem" selected="true" exported="true">
                <Item id="tcm:18-977-8" title="Carousel%20Container" extension="xsd" itemType="Schema" blueprintStatus="LocalItem" selected="true" exported="true" />
                <Item id="tcm:18-969-8" title="Column%20Layout%20Container" extension="xsd" itemType="Schema" blueprintStatus="LocalItem" selected="true" exported="true" />
                <Item id="tcm:18-971-8" title="Layout%20Container" extension="xsd" itemType="Schema" blueprintStatus="LocalItem" selected="true" exported="true" />
              </Item>
              <Item id="tcm:18-231-2" title="Templates" itemType="Folder" blueprintStatus="LocalItem" selected="true" exported="true">
                <Item id="tcm:18-234-2" title="Container%20Items" itemType="Folder" blueprintStatus="LocalItem" selected="true" exported="true">
                  <Item id="tcm:18-975-32" title="Article%20%3CLayout%3E" extension="tctcmp" itemType="ComponentTemplate" blueprintStatus="LocalItem" selected="true" exported="true" />
                  <Item id="tcm:18-981-32" title="List%20%3CLayout%3E" extension="tctcmp" itemType="ComponentTemplate" blueprintStatus="LocalItem" selected="true" exported="true" />
                  <Item id="tcm:18-974-32" title="Teaser%20%3CCarousel%3E" extension="tctcmp" itemType="ComponentTemplate" blueprintStatus="LocalItem" selected="true" exported="true" />
                  <Item id="tcm:18-973-32" title="Teaser%20%3CLayout%3E" extension="tctcmp" itemType="ComponentTemplate" blueprintStatus="LocalItem" selected="true" exported="true" />
                  <Item id="tcm:18-980-32" title="Teaser%20Map%20%3CLayout%3E" extension="tctcmp" itemType="ComponentTemplate" blueprintStatus="LocalItem" selected="true" exported="true" />
                  <Item id="tcm:18-979-32" title="YouTube%20Video%20%3CLayout%3E" extension="tctcmp" itemType="ComponentTemplate" blueprintStatus="LocalItem" selected="true" exported="true" />
                </Item>
                <Item id="tcm:18-232-2" title="Containers" itemType="Folder" blueprintStatus="LocalItem" selected="true" exported="true">
                  <Item id="tcm:18-976-32" title="Accordion%20Container" extension="tctcmp" itemType="ComponentTemplate" blueprintStatus="LocalItem" selected="true" exported="true" />
                  <Item id="tcm:18-978-32" title="Carousel%20Container" extension="tctcmp" itemType="ComponentTemplate" blueprintStatus="LocalItem" selected="true" exported="true" />
                  <Item id="tcm:18-970-32" title="Column%20Layout%20Container" extension="tctcmp" itemType="ComponentTemplate" blueprintStatus="LocalItem" selected="true" exported="true" />
                  <Item id="tcm:18-972-32" title="Tab%20Container" extension="tctcmp" itemType="ComponentTemplate" blueprintStatus="LocalItem" selected="true" exported="true" />
                </Item>
              </Item>
            </Item>
          </Item>
        </Item>
        <Item id="47817a9d2d1b4e788e8afed7d80956df" title="Default%20Multimedia%20Schema" extension="xsd" itemType="Schema" selected="false" exported="false" />
      </Item>
      <Item id="e2ac552b121a429da038f414eb7a3c4a" title="Task%20Process" extension="tpd" itemType="ProcessDefinition" selected="false" exported="false" />
    </Item>
  </Item>
</Index>